Cluster,Recency,Frequency,Monetary,AvgOrderValue,CategoryDiversity,Ratio_Furniture,Ratio_Office Supplies,Ratio_Technology,Count
0,-0.325395188175151,0.829139304089701,1.0870572598784423,0.660228299943325,0.47483697052585633,-0.010639474823713925,-0.0025187862029753074,0.013915274722590234,251
1,0.19261975790656272,-0.3362920621359163,-0.4082258132134458,-0.17871186640852235,0.05677494878548396,1.1588523728046063,-0.5553139031105379,-0.6618601747345354,221
2,0.34832664459279256,-0.6333824414885544,-0.8016443268446118,-0.6341831826873927,-1.1305701707290887,-0.8339106940520343,1.5518255975052777,-0.7094611787710485,139
3,-0.05116581243838264,-0.2513915397119138,-0.3912357476808596,-0.20917867261507442,0.1396588486140721,-0.7556169216254568,-0.5074020336750436,1.3263377390666915,182
