feature,importance
Sales,0.36424380461485106
Shipping Days,0.17887311979462342
DayOfWeek,0.15270945251439177
Month,0.15091404503979677
Year,0.10573199528849359
Quarter,0.04752758274784344
